<?xml version="1.0" encoding="UTF-8"?>
<metadata xml:lang="nl"><Esri><CreaDate>20130715</CreaDate><CreaTime>13134400</CreaTime><ArcGISFormat>1.0</ArcGISFormat><SyncOnce>TRUE</SyncOnce><DataProperties><lineage><Process ToolSource="C:\Program Files\ArcGIS\Desktop10.0\ArcToolbox\Toolboxes\Data Management Tools.tbx\Project" Date="20130715" Time="131344">Project K:\SO\IR\MRO_Info\GIS\Jeroen\PenR\P_en_R_tellingen_RD.shp K:\SO\IR\MRO_Info\GIS\Jeroen\PenR\P_en_R_tellingen_RD_1.shp GEOGCS['GCS_WGS_1984',DATUM['D_WGS_1984',SPHEROID['WGS_1984',6378137.0,298.257223563]],PRIMEM['Greenwich',0.0],UNIT['Degree',0.0174532925199433]] Amersfoort_To_WGS_1984_4X PROJCS['RD_New',GEOGCS['GCS_Amersfoort',DATUM['D_Amersfoort',SPHEROID['Bessel_1841',6377397.155,299.1528128]],PRIMEM['Greenwich',0.0],UNIT['Degree',0.0174532925199433]],PROJECTION['Double_Stereographic'],PARAMETER['False_Easting',155000.0],PARAMETER['False_Northing',463000.0],PARAMETER['Central_Meridian',5.38763888888889],PARAMETER['Scale_Factor',0.9999079],PARAMETER['Latitude_Of_Origin',52.15616055555555],UNIT['Meter',1.0]]</Process></lineage></DataProperties></Esri></metadata>
